Workbook

Sheet Config
A1: Troop 222 · 50-Miler Budget — Configuration
A2: Edit the BLUE cells only — everything else recalculates automatically
A4: OVERALL BUDGET
A5: Total participants | B5: 26
A6: Fee per person ($) | B6: 250
A7: Total budget ($) | B7: =B5*B6 -> 6500
A8: Daily food rate — est. ($) | B8: 19.5
A10: TRIP CONFIGURATION
A11: Trip ID | B11: Name | C11: Attendees | D11: Days | E11: Status | F11: Rate Override ($)
A12: hike1 | B12: Point Reyes | C12: 14 | D12: 2 | E12: done
A13: hike2 | B13: Spring Prep / Ohlone | C13: 26 | D13: 3 | E13: active
A14: hike3 | B14: La Honda | C14: 26 | D14: 3 | E14: upcoming
A15: hs | B15: High Sierra 50-Miler | C15: 26 | D15: 7 | E15: upcoming

Sheet Line Items
A1: Budget Line Items — add new rows here
A2: Blue cells = inputs you edit · Black cells = auto-calculated · Add a new row by copying the last data row
A3: Trip | B3: Category | C3: Detail | D3: Amount ($) | E3: Status | F3: Attendees | G3: Days | H3: $/Person/Day
A4: =Config!B13 -> Spring Prep / Ohlone | B4: Food | C4: Amazon Order 1 (Kerri Atkins) | D4: 183.73 | E4: CONFIRMED | F4: =Config!C13 -> 26 | G4: =Config!D13 -> 3 | H4: =IF(AND(ISNUMBER(D4),F4>0,G4>0),D4/(F4*G4),"") -> 2.3555128
A5: =Config!B13 -> Spring Prep / Ohlone | B5: Food | C5: Amazon Order 2 (Kerri Atkins) | D5: 444.89 | E5: CONFIRMED | F5: =Config!C13 -> 26 | G5: =Config!D13 -> 3 | H5: =IF(AND(ISNUMBER(D5),F5>0,G5>0),D5/(F5*G5),"") -> 5.7037179
A6: =Config!B13 -> Spring Prep / Ohlone | B6: Food | C6: REI — Mountain House Chicken Alfredo ×7 | D6: 97.65 | E6: CONFIRMED | F6: =Config!C13 -> 26 | G6: =Config!D13 -> 3 | H6: =IF(AND(ISNUMBER(D6),F6>0,G6>0),D6/(F6*G6),"") -> 1.2519231
A7: =Config!B13 -> Spring Prep / Ohlone | B7: Gear | C7: Buddy Food Bags (reusable all hikes) | D7: 119.22 | E7: CONFIRMED | F7: =Config!C13 -> 26 | G7: =Config!D13 -> 3 | H7: —
A8: =Config!B13 -> Spring Prep / Ohlone | B8: Campsite | C8: Wildcat 002 — 1 night (Diego Paese) | D8: TBD | E8: TBD | F8: =Config!C13 -> 26 | G8: =Config!D13 -> 3 | H8: —
A9: =Config!B13 -> Spring Prep / Ohlone | B9: Campsite | C9: Wildcat 003 — 1 night (Diego Paese) | D9: TBD | E9: TBD | F9: =Config!C13 -> 26 | G9: =Config!D13 -> 3 | H9: —
A10: =Config!B13 -> Spring Prep / Ohlone | B10: Campsite | C10: Coast 013 — 1 night (Diego Paese) | D10: TBD | E10: TBD | F10: =Config!C13 -> 26 | G10: =Config!D13 -> 3 | H10: —
A11: =Config!B13 -> Spring Prep / Ohlone | B11: Gear | C11: Firewood + extra tent stakes (Diego Paese) | D11: TBD | E11: TBD | F11: =Config!C13 -> 26 | G11: =Config!D13 -> 3 | H11: —
A12: =Config!B14 -> La Honda | B12: Food | C12: Peak Refuel (freeze-dried meals) | D12: 519.6 | E12: CONFIRMED | F12: =Config!C14 -> 26 | G12: =Config!D14 -> 3 | H12: =IF(AND(ISNUMBER(D12),F12>0,G12>0),D12/(F12*G12),"") -> 6.6615385
A13: =Config!B14 -> La Honda | B13: Food | C13: Amazon (bars, snacks, chicken, PB) | D13: 383.23 | E13: CONFIRMED | F13: =Config!C14 -> 26 | G13: =Config!D14 -> 3 | H13: =IF(AND(ISNUMBER(D13),F13>0,G13>0),D13/(F13*G13),"") -> 4.9132051
A14: =Config!B14 -> La Honda | B14: Food | C14: Sports Basement (Krave jerky) | D14: 163.8 | E14: CONFIRMED | F14: =Config!C14 -> 26 | G14: =Config!D14 -> 3 | H14: =IF(AND(ISNUMBER(D14),F14>0,G14>0),D14/(F14*G14),"") -> 2.1
A15: =Config!B14 -> La Honda | B15: Food | C15: Walmart (Gatorade, Swiss Miss, Idahoan) | D15: 84.56 | E15: CONFIRMED | F15: =Config!C14 -> 26 | G15: =Config!D14 -> 3 | H15: =IF(AND(ISNUMBER(D15),F15>0,G15>0),D15/(F15*G15),"") -> 1.0841026
A16: =Config!B14 -> La Honda | B16: Food | C16: Sprouts/Instacart (allergy scout items) | D16: 33.21 | E16: CONFIRMED | F16: =Config!C14 -> 26 | G16: =Config!D14 -> 3 | H16: =IF(AND(ISNUMBER(D16),F16>0,G16>0),D16/(F16*G16),"") -> 0.42576923
A17: =Config!B14 -> La Honda | B17: Food | C17: Additional purchases — PLACEHOLDER (not yet bought) | D17: 400 | E17: PENDING | F17: =Config!C14 -> 26 | G17: =Config!D14 -> 3 | H17: =IF(AND(ISNUMBER(D17),F17>0,G17>0),D17/(F17*G17),"") -> 5.1282051
A18: =Config!B15 -> High Sierra 50-Miler | B18: Food | C18: Estimated food — $19.50/person/day × 3 days × 26 | D18: =Config!$B$8*Config!D15*Config!C15 -> 3549 | E18: ESTIMATED | F18: =Config!C15 -> 26 | G18: =Config!D15 -> 7 | H18: =IF(AND(ISNUMBER(D18),F18>0,G18>0),D18/(F18*G18),"") -> 19.5
A19: =Config!B15 -> High Sierra 50-Miler | B19: Campsite | C19: Campsite fees — TBD pending route confirmation | D19: TBD | E19: TBD | F19: =Config!C15 -> 26 | G19: =Config!D15 -> 7 | H19: —
A20: =Config!B16 -> 0 | B20: Food | C20: Estimated food — $19.50/person/day × 7 days × 26 | D20: =Config!$B$8*Config!D16*Config!C16 -> 0 | E20: ESTIMATED | F20: =Config!C16 -> 0 | G20: =Config!D16 -> 0 | H20: =IF(AND(ISNUMBER(D20),F20>0,G20>0),D20/(F20*G20),"")
A21: =Config!B16 -> 0 | B21: Permits | C21: Inyo NF wilderness permits (recreation.gov) | D21: 500 | E21: ESTIMATED | F21: =Config!C16 -> 0 | G21: =Config!D16 -> 0 | H21: —
A22: =Config!B16 -> 0 | B22: Campsite | C22: Sabrina Campground + fees | D22: 500 | E22: ESTIMATED | F22: =Config!C16 -> 0 | G22: =Config!D16 -> 0 | H22: —
A23: =Config!B16 -> 0 | B23: Other | C23: Shuttles, firewood, misc logistics | D23: 500 | E23: ESTIMATED | F23: =Config!C16 -> 0 | G23: =Config!D16 -> 0 | H23: —
A25: CONFIRMED SPEND | C25: Amazon ×2 + REI + Buddy Bags + Peak + Amazon + SB + Walmart + Sprouts | D25: =SUMIF(E4:E23,"confirmed",D4:D23) -> 2029.89
A26: PENDING SPEND | D26: =SUMIF(E4:E23,"pending",D4:D23) -> 400
A27: ESTIMATED (future) | D27: =SUMIF(E4:E23,"estimated",D4:D23) -> 5049
A29: TOTAL PROJECTED SPEND | D29: =D25+D26+D27 -> 7478.89
A30: TOTAL BUDGET | D30: =Config!B7 -> 6500
A31: PROJECTED GAP (negative = shortfall) | D31: =D30-D29 -> -978.89

Sheet Summary
A1: Troop 222 · 50-Miler Budget Summary
A2: All numbers pull live from Line Items sheet — edit data there, not here
A4: KEY METRICS
A5: Total Budget | B5: =Config!B7 -> 6500
A6: Confirmed Spent | B6: ='Line Items'!D25 -> 2029.89
A7: Pending | B7: ='Line Items'!D26 -> 400
A8: Estimated Future | B8: ='Line Items'!D27 -> 5049
A9: Total Projected | B9: ='Line Items'!D29 -> 7478.89
A10: Projected Gap | B10: ='Line Items'!D31 -> -978.89
A12: PER TRIP BREAKDOWN
A13: Trip | B13: Attendees | C13: Days | D13: Total ($) | E13: $/Person | F13: $/Person/Day | G13: Status
A14: Point Reyes | B14: 14 | C14: 2 | D14: =SUMIF('Line Items'!A4:A23,"Point Reyes",'Line Items'!D4:D23) -> 0 | E14: =IF(D14>0,D14/14,"") | F14: =IF(D14>0,D14/(14*2),"") | G14: Done ✓
A15: Spring Prep / Ohlone | B15: 26 | C15: 3 | D15: =SUMIF('Line Items'!A4:A23,"Spring Prep / Ohlone",'Line Items'!D4:D23) -> 845.49 | E15: =IF(D15>0,D15/26,"") -> 32.518846 | F15: =IF(D15>0,D15/(26*3),"") -> 10.839615 | G15: Current ●
A16: La Honda | B16: 26 | C16: 3 | D16: =SUMIF('Line Items'!A4:A23,"La Honda",'Line Items'!D4:D23) -> 1584.4 | E16: =IF(D16>0,D16/26,"") -> 60.938462 | F16: =IF(D16>0,D16/(26*3),"") -> 20.312821 | G16: Upcoming
A17: High Sierra 50-Miler | B17: 26 | C17: 7 | D17: =SUMIF('Line Items'!A4:A23,"High Sierra 50-Miler",'Line Items'!D4:D23) -> 3549 | E17: =IF(D17>0,D17/26,"") -> 136.5 | F17: =IF(D17>0,D17/(26*7),"") -> 19.5 | G17: Main Event
A19: Projected total per person (26 payers) | D19: ='Line Items'!D29/Config!B5 -> 287.64962 | E19: Budget per person: | F19: =Config!B6 -> 250 | G19: ='Line Items'!D31/Config!B5 -> -37.649615

Sheet How to Use
A1: How to Use This Budget Tracker
A3: BLUE CELLS | B3: These are your inputs — change them freely. Daily rate, attendees per trip, fee per person.
A4: Add a receipt | B4: Go to 'Line Items' sheet. Add a new row at the bottom. Set Trip to match the trip name (e.g. 'Point Reyes'), fill in Category, Detail, Amount, Status.
A5: Change status | B5: In Column E of Line Items, change 'estimated' → 'confirmed' once you've actually spent the money. The Summary sheet updates automatically.
A6: Change daily rate | B6: Go to Config sheet, change B8. All estimated food rows recalculate automatically.
A7: Change attendees | B7: Go to Config sheet, change Column C for the relevant trip. Per-person costs update everywhere.
A8: Add a new trip | B8: Add a row to the Config sheet trip table. Then add line items in Line Items with the matching trip name.
A9: Connect to web page | B9: Publish this sheet: File → Share → Publish to web → CSV. Give the URL to your developer to connect the Budget Tracker HTML page.
A10: Color codes | B10: GREEN = confirmed spend | ORANGE = pending | BLUE = estimated | GREY = TBD
